id,first_name,last_name,email,gender,birthday
1,Terrye,Shooter,tshooter0@spotify.com,Female,6/19/1965
2,Joscelin,Mann,jmann1@biglobe.ne.jp,Female,3/13/1965
3,Cristabel,Spittal,cspittal2@webeden.co.uk,Female,5/9/2000
4,Astrid,Sharville,asharville3@virginia.edu,Female,3/10/2004
5,Zebulen,Dalloway,zdalloway4@wisc.edu,Male,9/2/1996
6,Felicity,Billie,fbillie5@about.com,Genderqueer,6/26/2006
7,Ezechiel,Jaquemar,ejaquemar6@dedecms.com,Male,7/2/1975
8,Dame,Napper,dnapper7@homestead.com,Male,3/11/1996
9,Raul,Murname,rmurname8@chronoengine.com,Male,2/14/1987
10,Rob,Milesop,rmilesop9@fc2.com,Male,9/8/2002
11,Rafi,Capron,rcaprona@un.org,Genderqueer,7/27/2017
12,Prescott,Gillanders,pgillandersb@fc2.com,Male,6/29/2017
13,Cherri,Taphouse,ctaphousec@parallels.com,Female,7/30/1996
14,Lanita,Labitt,llabittd@ed.gov,Female,2/1/1992
15,Jen,Bracknall,jbracknalle@webeden.co.uk,Female,11/16/1960
16,Brewster,Scandroot,bscandrootf@freewebs.com,Male,4/6/2001
17,Madalena,Scarth,mscarthg@google.nl,Female,1/21/1959
18,Aldous,Filinkov,afilinkovh@feedburner.com,Male,1/8/1969
19,Ramsey,Vise,rvisei@rediff.com,Male,10/22/1979
20,Lucais,Sworn,lswornj@51.la,Male,6/24/1968
21,Erinna,Sterte,estertek@nationalgeographic.com,Female,2/2/2007
22,Maurie,O'Collopy,mocollopyl@drupal.org,Male,7/8/1992
23,Maddi,Hartly,mhartlym@hp.com,Female,8/12/1983
24,Gladi,Dickins,gdickinsn@vinaora.com,Female,12/14/1994
25,Benedetto,Alasdair,balasdairo@netscape.com,Male,7/23/1957
26,Ulberto,Vicary,uvicaryp@phoca.cz,Male,2/28/1951
27,Boyd,Veryan,bveryanq@fastcompany.com,Male,3/7/2012
28,Ilse,Rispine,irispiner@hao123.com,Female,10/31/2000
29,Zackariah,Turnpenny,zturnpennys@va.gov,Male,3/26/1987
30,Town,Llewellen,tllewellent@reference.com,Male,2/8/2009
31,Rudolph,Pudney,rpudneyu@techcrunch.com,Male,2/21/1963
32,Nert,Sharman,nsharmanv@uol.com.br,Polygender,1/5/1969
33,Georg,Fiddyment,gfiddymentw@elegantthemes.com,Male,3/23/1994
34,Natassia,Fullilove,nfullilovex@dailymotion.com,Polygender,7/31/1990
35,Reta,Benadette,rbenadettey@clickbank.net,Female,8/2/1989
36,Anastassia,Filoniere,afilonierez@dell.com,Female,11/1/1983
37,Toddie,Borghese,tborghese10@utexas.edu,Male,5/19/2016
38,Marianna,Bilbee,mbilbee11@biblegateway.com,Female,5/30/2015
39,Sancho,Hayzer,shayzer12@weather.com,Male,5/31/1993
40,Noelle,De Vries,ndevries13@gravatar.com,Female,2/18/1951
41,Carol-jean,Curryer,ccurryer14@yahoo.co.jp,Female,3/7/2001
42,Rodrigo,Reuter,rreuter15@mozilla.com,Male,8/14/1961
43,Lydia,Vautrey,lvautrey16@livejournal.com,Female,3/18/1996
44,Sayre,Hanster,shanster17@desdev.cn,Male,7/15/2001
45,Enrichetta,Avo,eavo18@godaddy.com,Female,11/18/1955
46,Amery,Bauser,abauser19@goodreads.com,Male,9/25/2001
47,Agneta,Cocker,acocker1a@globo.com,Female,4/25/1957
48,Otes,Bannon,obannon1b@soup.io,Male,11/16/1974
49,Derry,Blackburne,dblackburne1c@cloudflare.com,Male,12/12/1971
50,Jeanine,Podmore,jpodmore1d@google.co.uk,Female,1/2/2010
51,Noreen,Pringell,npringell1e@nps.gov,Female,12/10/1958
52,Raul,Caunce,rcaunce1f@alibaba.com,Male,1/6/1952
53,Marina,Colvin,mcolvin1g@google.fr,Female,7/10/1981
54,Robinet,Swenson,rswenson1h@scribd.com,Female,10/12/1994
55,Emeline,Gruczka,egruczka1i@prlog.org,Female,10/4/2013
56,Emmie,Roostan,eroostan1j@google.com,Female,12/15/1984
57,Kayle,Mazzey,kmazzey1k@irs.gov,Bigender,5/6/1988
58,Reynolds,Doige,rdoige1l@slate.com,Male,11/26/1955
59,Chevalier,McBoyle,cmcboyle1m@homestead.com,Agender,3/7/2010
60,Maren,McCahey,mmccahey1n@economist.com,Female,8/19/1966
61,Jeffry,Jeschner,jjeschner1o@answers.com,Male,12/2/1963
62,Rayshell,Pinkett,rpinkett1p@networksolutions.com,Female,8/16/1960
63,Somerset,Freiburger,sfreiburger1q@businessinsider.com,Male,12/19/1984
64,Durante,Gut,dgut1r@discovery.com,Male,10/24/2017
65,Michell,Dowthwaite,mdowthwaite1s@toplist.cz,Female,8/27/1952
66,Arlinda,Kilgallen,akilgallen1t@ifeng.com,Female,12/5/1988
67,Lenora,Peppin,lpeppin1u@privacy.gov.au,Female,4/25/2016
68,Chuck,Epilet,cepilet1v@telegraph.co.uk,Male,12/26/1966
69,Evangelin,Dewdney,edewdney1w@oracle.com,Female,7/18/2001
70,Merilee,Leatham,mleatham1x@hp.com,Genderfluid,2/10/1960
71,Neron,Taw,ntaw1y@cmu.edu,Male,2/27/1958
72,Sunny,Dunklee,sdunklee1z@fotki.com,Agender,6/6/1961
73,Scarlett,L'oiseau,sloiseau20@dion.ne.jp,Female,8/20/1989
74,Stafani,Giannotti,sgiannotti21@canalblog.com,Female,7/16/2017
75,Tomlin,Ree,tree22@sourceforge.net,Male,3/16/2007
76,Ashlee,Mollon,amollon23@vimeo.com,Female,9/17/1965
77,Ruby,Bodycote,rbodycote24@wufoo.com,Male,3/23/1984
78,Deeann,Neumann,dneumann25@go.com,Female,9/22/2017
79,Lisha,Clausen-Thue,lclausenthue26@usa.gov,Female,8/11/1972
80,Cynthy,Selby,cselby27@digg.com,Female,2/10/1990
81,Claudie,Withers,cwithers28@epa.gov,Female,7/9/1952
82,Martynne,Scranedge,mscranedge29@uiuc.edu,Female,7/25/1968
83,Jeannette,Spatari,jspatari2a@newsvine.com,Female,4/29/1968
84,Barbi,Brunnstein,bbrunnstein2b@sourceforge.net,Female,12/4/1965
85,Mattie,Rodinger,mrodinger2c@omniture.com,Male,10/16/1996
86,Ursula,O' Bee,uobee2d@example.com,Female,10/13/1971
87,Pepe,Haseman,phaseman2e@ox.ac.uk,Male,11/26/1963
88,Anette,Jerisch,ajerisch2f@dailymotion.com,Female,11/25/1993
89,Rolf,Pauly,rpauly2g@desdev.cn,Male,4/6/1997
90,Raff,Postlethwaite,rpostlethwaite2h@arizona.edu,Male,12/31/2014
91,Alejoa,Godar,agodar2i@jimdo.com,Male,4/26/1968
92,Thatch,Mompesson,tmompesson2j@vkontakte.ru,Male,4/5/1996
93,Gareth,Kissick,gkissick2k@cornell.edu,Male,4/18/1977
94,Ludovico,Cesaric,lcesaric2l@skype.com,Male,10/20/1955
95,Brodie,Braven,bbraven2m@sbwire.com,Male,10/22/1994
96,Malachi,O'Mahoney,momahoney2n@uiuc.edu,Non-binary,1/24/1989
97,Kirsti,Simnor,ksimnor2o@zimbio.com,Female,3/9/2009
98,Asia,Robecon,arobecon2p@cnn.com,Female,10/14/1985
99,Christoph,Siggins,csiggins2q@vimeo.com,Male,8/25/2010
100,Mignon,Ducker,mducker2r@tiny.cc,Female,5/2/1983
101,Joshia,Arbon,jarbon2s@ox.ac.uk,Male,10/21/1981
102,Tallou,Junkin,tjunkin2t@vimeo.com,Female,7/9/1956
103,Turner,Eary,teary2u@aboutads.info,Male,10/1/1987
104,Rockey,Casement,rcasement2v@cornell.edu,Male,7/20/1968
105,Ceciley,Fakeley,cfakeley2w@omniture.com,Female,1/5/2016
106,Editha,Barlas,ebarlas2x@cafepress.com,Female,5/25/1966
107,Bernice,Zimek,bzimek2y@soup.io,Female,11/6/1953
108,Cornelius,Gussin,cgussin2z@forbes.com,Male,10/10/1959
109,Arron,Bayley,abayley30@t.co,Male,10/13/2001
110,Livvy,Steele,lsteele31@miitbeian.gov.cn,Female,10/10/1972
111,Conrad,Mavin,cmavin32@bigcartel.com,Male,5/28/2005
112,Ofella,Missington,omissington33@loc.gov,Bigender,3/19/1987
113,Caro,Covelle,ccovelle34@redcross.org,Female,1/20/2004
114,Raimund,Prichard,rprichard35@plala.or.jp,Male,1/8/2006
115,Shena,Tunbridge,stunbridge36@dedecms.com,Female,7/9/2016
116,Dolly,Rabjohn,drabjohn37@wsj.com,Female,12/9/1996
117,Maible,Peron,mperon38@slashdot.org,Female,7/31/1978
118,Mandi,Gait,mgait39@1und1.de,Female,4/16/1967
119,Edvard,Nyland,enyland3a@businessinsider.com,Male,5/24/1967
120,Claire,Stoad,cstoad3b@facebook.com,Female,5/16/1968
121,Noam,Slyford,nslyford3c@slideshare.net,Male,7/15/2001
122,Alysa,Zealander,azealander3d@opera.com,Female,7/7/1993
123,Norbert,Lenihan,nlenihan3e@ovh.net,Male,2/15/1979
124,Omar,Rosbrough,orosbrough3f@cbc.ca,Male,4/17/1979
125,Hillie,Greenrde,hgreenrde3g@mayoclinic.com,Polygender,7/21/2016
126,Magdalen,Brightie,mbrightie3h@furl.net,Female,7/7/1999
127,Lon,Woloschin,lwoloschin3i@goo.ne.jp,Male,3/27/1960
128,Mick,Hubery,mhubery3j@ftc.gov,Male,5/16/2015
129,Heath,Dignall,hdignall3k@reference.com,Female,1/8/1951
130,Moselle,Gager,mgager3l@umich.edu,Female,9/1/1959
131,Gavrielle,Sanger,gsanger3m@berkeley.edu,Female,2/14/2020
132,Paulo,Tackell,ptackell3n@facebook.com,Male,3/31/2007
133,Tonye,Bertenshaw,tbertenshaw3o@umich.edu,Female,1/7/1993
134,Cirstoforo,Bayldon,cbayldon3p@tiny.cc,Non-binary,2/22/1965
135,Neddy,Connerry,nconnerry3q@google.nl,Male,6/23/1973
136,Troy,Anthoine,tanthoine3r@parallels.com,Male,3/12/2001
137,Thibaud,Leamy,tleamy3s@ox.ac.uk,Male,10/8/2001
138,Sal,Petras,spetras3t@ehow.com,Male,10/31/1991
139,Tabbie,Plover,tplover3u@imageshack.us,Male,1/14/1964
140,Madelyn,Yggo,myggo3v@free.fr,Female,2/28/1985
141,Janeen,Jeanel,jjeanel3w@addtoany.com,Female,10/13/2003
142,Lou,Attrill,lattrill3x@sina.com.cn,Female,11/24/2000
143,Homere,Knibbs,hknibbs3y@lycos.com,Non-binary,5/18/1988
144,Kliment,Maylam,kmaylam3z@livejournal.com,Male,10/5/1960
145,Nollie,Wyss,nwyss40@theglobeandmail.com,Male,8/28/1954
146,Myer,Arpur,marpur41@xing.com,Male,2/16/1999
147,Jilli,Chevins,jchevins42@simplemachines.org,Agender,7/6/1999
148,Charlean,Gaine of England,cgaineofengland43@tripadvisor.com,Female,9/16/1975
149,Natala,Bew,nbew44@github.com,Female,3/31/1964
150,Candra,Tapner,ctapner45@com.com,Female,3/7/1992
151,Berne,Gammill,bgammill46@who.int,Male,10/14/1955
152,Tito,Benitti,tbenitti47@bing.com,Male,2/16/2017
153,Ursola,Fisby,ufisby48@google.com.br,Female,8/29/2017
154,Evelyn,O' Donohue,eodonohue49@skype.com,Male,6/26/2001
155,Sherry,Truin,struin4a@opera.com,Female,7/14/1990
156,Bar,Townsley,btownsley4b@google.co.jp,Male,12/9/1958
157,Therine,Slayny,tslayny4c@redcross.org,Female,12/1/2005
158,Carolyn,Barthelmes,cbarthelmes4d@surveymonkey.com,Female,4/18/1968
159,Peggy,McGauhy,pmcgauhy4e@canalblog.com,Female,5/21/1976
160,Joaquin,Carnell,jcarnell4f@sohu.com,Male,8/7/2019
161,Sunny,Fipp,sfipp4g@livejournal.com,Female,9/15/1966
162,Korie,Ipsly,kipsly4h@washingtonpost.com,Female,8/4/1992
163,Maudie,Barraclough,mbarraclough4i@facebook.com,Female,8/22/1975
164,Pooh,Digginson,pdigginson4j@umich.edu,Male,9/12/1984
165,Dag,Crysell,dcrysell4k@bloglines.com,Male,10/17/2007
166,Kipper,Duffin,kduffin4l@wikimedia.org,Male,4/13/1995
167,Kerri,Edghinn,kedghinn4m@joomla.org,Polygender,8/10/2013
168,Jone,McIlhatton,jmcilhatton4n@ehow.com,Male,6/24/1985
169,Bartholemy,Tinham,btinham4o@godaddy.com,Male,12/5/1999
170,Alan,McGlew,amcglew4p@ezinearticles.com,Male,5/6/1997
171,Tiphani,Draaisma,tdraaisma4q@blogs.com,Female,1/8/1982
172,Washington,Tumielli,wtumielli4r@marketwatch.com,Male,3/11/1975
173,Emilia,Amorts,eamorts4s@bluehost.com,Female,3/26/1973
174,Verne,Harvie,vharvie4t@geocities.com,Male,1/10/2008
175,Stesha,Chaperlin,schaperlin4u@ucsd.edu,Agender,3/19/1964
176,Claudell,Sawkin,csawkin4v@arizona.edu,Male,5/15/2020
177,Connie,Haigh,chaigh4w@bbc.co.uk,Male,11/16/2014
178,Mayer,Downer,mdowner4x@princeton.edu,Male,9/11/2017
179,Waldo,Paylor,wpaylor4y@alibaba.com,Male,7/1/1966
180,Dulsea,Sell,dsell4z@slashdot.org,Female,1/21/2009
181,Gail,Latliff,glatliff50@bigcartel.com,Male,1/25/1983
182,Thekla,Jenney,tjenney51@sogou.com,Female,3/21/1995
183,Benny,Neilly,bneilly52@facebook.com,Male,6/27/2013
184,Josie,Aickin,jaickin53@phoca.cz,Female,5/7/1978
185,Chan,Antognozzii,cantognozzii54@chicagotribune.com,Male,11/7/2018
186,Nettle,Rubinsaft,nrubinsaft55@comsenz.com,Female,3/16/1979
187,Christa,McCrackem,cmccrackem56@studiopress.com,Bigender,7/1/1984
188,Ogden,Palphreyman,opalphreyman57@hud.gov,Male,2/29/2000
189,Gertrude,Redfearn,gredfearn58@sina.com.cn,Female,2/28/2008
190,Hedda,Janusz,hjanusz59@sbwire.com,Female,12/1/1984
191,Minerva,Chetwynd,mchetwynd5a@marketwatch.com,Genderqueer,3/29/1985
192,Rutherford,Illsley,rillsley5b@purevolume.com,Male,12/4/1966
193,Gennifer,Bockings,gbockings5c@omniture.com,Female,12/6/1961
194,Amelita,Durdan,adurdan5d@netlog.com,Female,7/10/2019
195,Jeannine,Kraut,jkraut5e@sun.com,Female,7/6/1997
196,Kristina,Suttle,ksuttle5f@live.com,Female,7/11/1959
197,Lanni,Pobjoy,lpobjoy5g@usda.gov,Female,3/30/2006
198,Roderich,Kear,rkear5h@google.nl,Male,5/22/1966
199,Daveta,Rushbrook,drushbrook5i@telegraph.co.uk,Female,8/1/1999
200,Nevsa,Kembley,nkembley5j@nifty.com,Female,7/6/1962
201,Wilbur,Bonafant,wbonafant5k@dmoz.org,Male,3/1/1966
202,Chiquia,Billett,cbillett5l@php.net,Genderfluid,8/28/1975
203,Maudie,Brannigan,mbrannigan5m@taobao.com,Female,6/13/1981
204,Archer,Isaksen,aisaksen5n@meetup.com,Male,1/28/1983
205,Gayleen,Durtnel,gdurtnel5o@seesaa.net,Female,8/25/2017
206,Dore,Lindermann,dlindermann5p@php.net,Polygender,9/21/1973
207,Galen,Adenot,gadenot5q@about.me,Polygender,8/26/2001
208,Nathan,Grimsdyke,ngrimsdyke5r@msu.edu,Male,5/1/1962
209,Sara-ann,Worrell,sworrell5s@tinypic.com,Bigender,8/30/2011
210,Webster,Dencs,wdencs5t@home.pl,Male,8/2/1976
211,Mabelle,Sowten,msowten5u@webeden.co.uk,Female,10/7/1952
212,Adrian,Cotterell,acotterell5v@hc360.com,Male,12/24/1984
213,Selinda,Carloni,scarloni5w@admin.ch,Female,12/29/1983
214,Charles,Myrick,cmyrick5x@ftc.gov,Male,3/27/2013
215,Ferdinande,Inglesant,finglesant5y@xinhuanet.com,Female,7/5/2006
216,Celia,Zmitrovich,czmitrovich5z@webeden.co.uk,Female,12/12/1956
217,Ephrayim,Farncomb,efarncomb60@tamu.edu,Non-binary,10/3/2004
218,Kacey,Mizen,kmizen61@google.co.uk,Female,5/17/2003
219,Elva,Roback,eroback62@ox.ac.uk,Agender,10/15/2000
220,Natala,Uden,nuden63@so-net.ne.jp,Female,8/3/1993
221,Katheryn,Jansik,kjansik64@hostgator.com,Female,6/14/1976
222,Boyd,Klosser,bklosser65@senate.gov,Male,10/20/1990
223,Dylan,Eary,deary66@a8.net,Male,9/22/1996
224,Rakel,Danis,rdanis67@merriam-webster.com,Female,1/26/1984
225,Judah,Russan,jrussan68@myspace.com,Male,6/24/1978
226,Broddie,Wynn,bwynn69@addtoany.com,Male,10/29/2001
227,Jesse,Moorman,jmoorman6a@hostgator.com,Male,1/7/1966
228,Abrahan,Early,aearly6b@moonfruit.com,Male,9/10/1985
229,Mora,Brook,mbrook6c@mail.ru,Female,11/15/1961
230,Vittorio,Wais,vwais6d@google.com,Male,6/7/1962
231,Wilma,Pelosi,wpelosi6e@aol.com,Female,6/2/1984
232,Giuseppe,Konmann,gkonmann6f@wsj.com,Male,9/5/1964
233,Barnebas,Chrippes,bchrippes6g@issuu.com,Male,3/24/2020
234,Nadia,Churchouse,nchurchouse6h@baidu.com,Genderfluid,6/22/1985
235,Ebeneser,Purkins,epurkins6i@mayoclinic.com,Non-binary,7/9/1968
236,Rice,Chantrell,rchantrell6j@livejournal.com,Male,3/30/2000
237,Judah,Samet,jsamet6k@wikimedia.org,Male,7/19/1982
238,Renee,Viant,rviant6l@latimes.com,Female,3/27/2012
239,Chrissie,Abbess,cabbess6m@mayoclinic.com,Female,5/5/2002
240,Frances,De Roos,fderoos6n@ca.gov,Female,8/25/2018
241,Oralia,Fabb,ofabb6o@comcast.net,Female,5/12/1964
242,Donnie,Curedale,dcuredale6p@joomla.org,Female,3/3/1968
243,Ally,Harber,aharber6q@twitter.com,Female,6/5/1953
244,Kacey,Downe,kdowne6r@indiatimes.com,Female,6/29/2002
245,Alexandre,Faughnan,afaughnan6s@berkeley.edu,Male,3/22/1968
246,Gayelord,Southby,gsouthby6t@cmu.edu,Male,10/2/1976
247,Veronika,Abrams,vabrams6u@gmpg.org,Female,10/26/1956
248,Marika,Coath,mcoath6v@wordpress.org,Female,3/23/2004
249,Granny,Melsome,gmelsome6w@ftc.gov,Bigender,1/13/2016
250,Liliane,Shimwall,lshimwall6x@howstuffworks.com,Female,4/28/1995
251,Shirlene,Lettson,slettson6y@cbc.ca,Female,8/9/2012
252,Hetty,Cagan,hcagan6z@senate.gov,Female,10/11/1953
253,Lebbie,Dawidowsky,ldawidowsky70@toplist.cz,Female,6/15/1975
254,Walsh,Thorrington,wthorrington71@rambler.ru,Male,9/14/1954
255,Moshe,Kemery,mkemery72@google.es,Male,12/7/2008
256,Daisy,Renahan,drenahan73@blinklist.com,Female,3/3/1961
257,Saree,Plewman,splewman74@constantcontact.com,Female,4/24/1977
258,Muhammad,Dunsmuir,mdunsmuir75@vimeo.com,Male,9/3/1980
259,Malvina,Barnwall,mbarnwall76@noaa.gov,Polygender,11/10/1954
260,Suzanna,Feares,sfeares77@bluehost.com,Female,8/23/2005
261,Carena,Whitehair,cwhitehair78@hao123.com,Female,9/3/1965
262,Marcelo,Verrall,mverrall79@vkontakte.ru,Genderfluid,9/29/1980
263,Fidelia,Bess,fbess7a@berkeley.edu,Female,6/19/1972
264,Wilt,Mumbeson,wmumbeson7b@squarespace.com,Male,8/15/1952
265,Charil,Tabb,ctabb7c@weather.com,Female,3/16/2011
266,Adelheid,Critchley,acritchley7d@princeton.edu,Female,10/8/2007
267,Norrie,Stocker,nstocker7e@merriam-webster.com,Female,12/11/1979
268,Stephen,Dredge,sdredge7f@vistaprint.com,Male,11/8/1983
269,Trent,Tredget,ttredget7g@chicagotribune.com,Agender,9/14/2015
270,Cathe,Fanshawe,cfanshawe7h@webs.com,Female,8/17/1954
271,Silas,Brandham,sbrandham7i@mac.com,Male,6/7/1989
272,Moises,Abbis,mabbis7j@de.vu,Male,3/27/2012
273,Berk,Punshon,bpunshon7k@scribd.com,Male,1/9/1989
274,Mirelle,Gildea,mgildea7l@dmoz.org,Female,6/21/1995
275,Gawain,Catterson,gcatterson7m@deviantart.com,Male,9/19/1962
276,Aldridge,Lamacraft,alamacraft7n@reddit.com,Male,2/4/1988
277,Orson,Dudek,odudek7o@upenn.edu,Male,9/22/1988
278,Trula,Lammertz,tlammertz7p@elegantthemes.com,Female,3/31/1974
279,Mandy,Woodcraft,mwoodcraft7q@miitbeian.gov.cn,Female,7/16/2020
280,Dorelia,Haygreen,dhaygreen7r@fastcompany.com,Female,11/18/2008
281,Laurence,Basketfield,lbasketfield7s@admin.ch,Male,4/14/2001
282,Eugine,Bordes,ebordes7t@ow.ly,Female,7/31/2009
283,Alasdair,Fain,afain7u@bandcamp.com,Male,10/7/1975
284,Grove,Clucas,gclucas7v@plala.or.jp,Male,11/22/1973
285,Gallagher,Gonneau,ggonneau7w@behance.net,Male,12/18/1955
286,Jasmina,Readhead,jreadhead7x@abc.net.au,Female,5/10/1960
287,Carmel,Adkin,cadkin7y@omniture.com,Female,4/20/1979
288,Garland,Brimblecomb,gbrimblecomb7z@mozilla.org,Female,7/26/2005
289,Jeana,Tuxsell,jtuxsell80@pbs.org,Female,11/6/1990
290,Odette,Orring,oorring81@harvard.edu,Female,2/13/1972
291,Brant,Fairtlough,bfairtlough82@angelfire.com,Male,11/19/2013
292,Ray,Antonoczyk,rantonoczyk83@baidu.com,Male,10/4/2002
293,Brier,Sarson,bsarson84@yellowbook.com,Female,9/27/2005
294,Lola,Weiser,lweiser85@patch.com,Female,12/4/2010
295,Gillie,Dulinty,gdulinty86@ucsd.edu,Female,7/23/1981
296,Yancey,Shawdforth,yshawdforth87@joomla.org,Male,8/23/1990
297,Benton,Chinge de Hals,bchingedehals88@blogtalkradio.com,Male,1/6/2004
298,Nickola,Ellse,nellse89@cornell.edu,Male,6/2/1978
299,Jayme,Balogh,jbalogh8a@chicagotribune.com,Female,2/1/1997
300,Edna,Matejka,ematejka8b@51.la,Female,3/25/2000
301,Brinna,Bourdas,bbourdas8c@geocities.com,Female,8/12/2000
302,Aubert,Naish,anaish8d@biglobe.ne.jp,Male,4/30/2003
303,Codi,Purrington,cpurrington8e@msn.com,Female,10/1/1990
304,Terrell,Fanthome,tfanthome8f@mysql.com,Male,12/2/1956
305,Locke,Croyden,lcroyden8g@ox.ac.uk,Male,4/5/1958
306,Augustus,Priel,apriel8h@icio.us,Male,10/30/2018
307,Melany,Carress,mcarress8i@shareasale.com,Female,2/20/1966
308,Sheff,Sapsford,ssapsford8j@nifty.com,Male,1/24/1975
309,Ree,Carrell,rcarrell8k@360.cn,Female,2/7/2017
310,Maegan,Szymoni,mszymoni8l@shutterfly.com,Female,3/10/1956
311,Rafaelita,Simmonds,rsimmonds8m@tiny.cc,Female,8/20/1978
312,Loise,Lund,llund8n@cbslocal.com,Female,2/24/1951
313,Simone,Muffitt,smuffitt8o@hhs.gov,Female,10/1/1987
314,Ansell,Grima,agrima8p@constantcontact.com,Male,9/15/1969
315,Valma,Bech,vbech8q@mapy.cz,Female,1/28/1999
316,Charmian,Guillou,cguillou8r@live.com,Female,2/11/1965
317,Karisa,McSporrin,kmcsporrin8s@digg.com,Female,1/22/1978
318,Mylo,Stuffins,mstuffins8t@infoseek.co.jp,Male,3/13/1998
319,Gerta,Edwicke,gedwicke8u@narod.ru,Female,1/1/1995
320,Jayme,Deignan,jdeignan8v@bloomberg.com,Female,6/25/1995
321,Asia,Thorlby,athorlby8w@cloudflare.com,Female,5/22/1978
322,Madelon,MacClinton,mmacclinton8x@seattletimes.com,Female,12/20/1992
323,Cindee,Woodyatt,cwoodyatt8y@ocn.ne.jp,Female,5/8/1986
324,Hadria,Jurgenson,hjurgenson8z@unblog.fr,Female,1/31/1986
325,Angelica,Oliver-Paull,aoliverpaull90@cnn.com,Female,3/20/1985
326,Jesus,Dibson,jdibson91@acquirethisname.com,Male,11/2/1982
327,Eddi,Docwra,edocwra92@rakuten.co.jp,Female,6/27/2009
328,York,Dewan,ydewan93@buzzfeed.com,Bigender,5/5/1961
329,Shaylah,O' Byrne,sobyrne94@theglobeandmail.com,Female,5/15/1975
330,Roxine,Landrick,rlandrick95@bbb.org,Female,5/21/2011
331,Fabien,Lehrer,flehrer96@usgs.gov,Male,7/26/2018
332,Elwira,Redford,eredford97@sphinn.com,Female,1/19/1956
333,Stacy,Quidenham,squidenham98@umn.edu,Female,3/23/1999
334,Violet,Chellenham,vchellenham99@merriam-webster.com,Female,4/23/1993
335,Shannen,Pettus,spettus9a@netscape.com,Female,10/15/1961
336,Buiron,Linskey,blinskey9b@yelp.com,Male,11/18/1978
337,Eva,Boulstridge,eboulstridge9c@google.com.au,Female,11/8/2004
338,Moll,Heaffey,mheaffey9d@fastcompany.com,Female,12/12/1975
339,Oren,Rubinowitch,orubinowitch9e@ycombinator.com,Male,11/5/1961
340,August,Scardifeild,ascardifeild9f@usnews.com,Non-binary,7/4/1996
341,Harmony,Gisby,hgisby9g@buzzfeed.com,Female,11/1/1960
342,Janela,Wathall,jwathall9h@virginia.edu,Genderqueer,9/18/1973
343,Redd,Sadler,rsadler9i@ezinearticles.com,Male,6/14/2002
344,Kelvin,Dreossi,kdreossi9j@hostgator.com,Male,6/20/1962
345,Caesar,Robbel,crobbel9k@redcross.org,Male,6/18/2009
346,Shawnee,Fairholme,sfairholme9l@t-online.de,Polygender,6/4/1956
347,Janine,Powney,jpowney9m@sohu.com,Female,1/20/2019
348,Barthel,Seeviour,bseeviour9n@nba.com,Male,8/11/1962
349,Perry,Durrad,pdurrad9o@freewebs.com,Female,6/5/2011
350,Pennie,Davidovic,pdavidovic9p@skype.com,Male,4/25/2013
351,Trixy,Issacson,tissacson9q@blogtalkradio.com,Female,7/12/1970
352,Sela,Titlow,stitlow9r@ning.com,Genderqueer,3/12/1960
353,Angelle,Lobb,alobb9s@telegraph.co.uk,Female,4/13/2015
354,Roland,Adamsson,radamsson9t@dmoz.org,Male,5/29/1969
355,Karlens,Witsey,kwitsey9u@hatena.ne.jp,Male,3/18/1976
356,Mia,Sprionghall,msprionghall9v@g.co,Female,6/19/1985
357,Rory,Aggas,raggas9w@livejournal.com,Female,8/17/1988
358,Kynthia,McVie,kmcvie9x@latimes.com,Polygender,3/7/1963
359,Mona,Thurman,mthurman9y@hud.gov,Female,2/28/1963
360,Thacher,Kulic,tkulic9z@geocities.com,Male,3/17/1961
361,Aymer,Nelles,anellesa0@spotify.com,Male,9/12/1995
362,Cthrine,Slevin,cslevina1@globo.com,Female,6/11/1976
363,Natale,Buncom,nbuncoma2@jimdo.com,Male,6/24/1957
364,Bethina,Robillard,brobillarda3@cdc.gov,Female,6/27/1958
365,Obie,Rudolf,orudolfa4@slate.com,Male,6/30/1975
366,Annemarie,Ineson,ainesona5@clickbank.net,Female,7/9/1953
367,Donaugh,Mumm,dmumma6@vinaora.com,Male,2/2/1978
368,Cherlyn,Giddy,cgiddya7@globo.com,Female,11/15/1983
369,Aldridge,Khilkov,akhilkova8@bing.com,Male,12/30/1993
370,Francklyn,Leverton,flevertona9@youtube.com,Male,4/7/1959
371,Berk,Corp,bcorpaa@bluehost.com,Non-binary,9/18/1993
372,Bertie,Simonett,bsimonettab@lulu.com,Male,9/18/1998
373,Thorvald,Lassen,tlassenac@weebly.com,Male,7/2/2011
374,Bendix,McCluney,bmccluneyad@privacy.gov.au,Male,11/23/1952
375,Moria,Barringer,mbarringerae@tuttocitta.it,Female,3/5/1960
376,Christy,Von Welldun,cvonwelldunaf@merriam-webster.com,Female,2/21/1972
377,Alric,Farrance,afarranceag@craigslist.org,Male,9/14/2007
378,Gaston,Rodrigo,grodrigoah@furl.net,Male,7/13/1955
379,Aline,Fiddyment,afiddymentai@blogspot.com,Female,8/6/1985
380,Dorree,Theodore,dtheodoreaj@digg.com,Female,4/2/1988
381,Bailey,Shaddick,bshaddickak@usgs.gov,Male,12/20/2003
382,Scotty,Giacubo,sgiacuboal@eepurl.com,Male,8/30/1984
383,Silvia,Beinke,sbeinkeam@marriott.com,Female,12/16/1997
384,Victor,Riall,vriallan@princeton.edu,Male,3/22/1971
385,Darill,Loughhead,dloughheadao@admin.ch,Male,5/2/1994
386,Kippie,Corneljes,kcorneljesap@canalblog.com,Agender,6/18/1988
387,Emelina,Viste,evisteaq@patch.com,Female,10/18/1999
388,Yoko,Gateland,ygatelandar@sourceforge.net,Female,4/9/1977
389,Olly,Rouff,orouffas@wikimedia.org,Female,1/20/1978
390,Latrina,Tichner,ltichnerat@fc2.com,Genderfluid,2/23/1952
391,Georgie,Ferrone,gferroneau@netvibes.com,Genderqueer,7/25/2005
392,Mina,Comins,mcominsav@mit.edu,Female,10/10/1979
393,Emmy,Browse,ebrowseaw@aol.com,Male,7/28/2000
394,Kyle,Skivington,kskivingtonax@wp.com,Male,9/9/1960
395,Buck,Hartshorn,bhartshornay@constantcontact.com,Male,7/7/1966
396,Sheila,Rojahn,srojahnaz@live.com,Female,11/30/1968
397,Iseabal,Harmour,iharmourb0@ft.com,Female,10/28/1999
398,Brynne,Bainbrigge,bbainbriggeb1@goo.gl,Female,8/9/1996
399,Maureene,Raimbauld,mraimbauldb2@wikipedia.org,Female,12/29/1970
400,Brandea,Gibbieson,bgibbiesonb3@icio.us,Female,2/14/1996
401,Inger,Dann,idannb4@baidu.com,Male,6/5/1956
402,Daisy,Darbon,ddarbonb5@phpbb.com,Female,3/22/1963
403,Alleen,Conyer,aconyerb6@google.com.au,Female,4/21/1982
404,Lilias,Jacobi,ljacobib7@jugem.jp,Female,7/21/1956
405,Isidor,Ridehalgh,iridehalghb8@whitehouse.gov,Male,6/19/2002
406,Cherice,Enders,cendersb9@w3.org,Female,10/12/1952
407,Xenos,Clixby,xclixbyba@tmall.com,Genderqueer,12/31/1955
408,Rayshell,Vigers,rvigersbb@springer.com,Female,12/31/2017
409,Loni,Deason,ldeasonbc@loc.gov,Female,8/21/2017
410,Les,Iddons,liddonsbd@tripod.com,Male,11/4/1977
411,Leonelle,Bracey,lbraceybe@aboutads.info,Female,10/9/1956
412,Jermayne,Boshere,jbosherebf@sciencedirect.com,Male,2/13/1953
413,Cissiee,Ivashev,civashevbg@webs.com,Female,2/3/1963
414,Carleton,Sudlow,csudlowbh@nba.com,Non-binary,7/3/2014
415,Venita,Botfield,vbotfieldbi@springer.com,Genderqueer,11/2/1977
416,Mick,Blankhorn,mblankhornbj@cbc.ca,Male,12/7/1993
417,Sutherland,Leverage,sleveragebk@people.com.cn,Male,4/10/1965
418,Ameline,Lalor,alalorbl@bbb.org,Female,2/1/1961
419,Marianna,Casali,mcasalibm@simplemachines.org,Female,7/15/2012
420,Franciska,Trusdale,ftrusdalebn@uiuc.edu,Female,6/30/1970
421,Eolanda,McGaughay,emcgaughaybo@comsenz.com,Female,9/17/1971
422,Travers,Bohlje,tbohljebp@wordpress.com,Male,10/9/2013
423,Claire,Lapping,clappingbq@google.pl,Male,5/24/1994
424,Phedra,Lashford,plashfordbr@time.com,Female,2/24/1951
425,Antonino,Gannan,agannanbs@omniture.com,Non-binary,7/21/2015
426,Jessica,Bottrell,jbottrellbt@addthis.com,Female,11/1/1997
427,Orville,Lelande,olelandebu@tripadvisor.com,Polygender,10/20/2013
428,Alexandro,Osbaldeston,aosbaldestonbv@t-online.de,Male,7/2/1991
429,Joye,Creigan,jcreiganbw@washingtonpost.com,Female,12/17/1989
430,Keene,Peggs,kpeggsbx@wired.com,Male,11/17/1961
431,Quinn,Wilshire,qwilshireby@reuters.com,Female,2/18/1976
432,Giustino,Petr,gpetrbz@elpais.com,Male,3/23/1996
433,June,Feasey,jfeaseyc0@bloglines.com,Female,1/3/2001
434,Kiri,Sail,ksailc1@usgs.gov,Female,3/20/1974
435,Obed,Maylor,omaylorc2@ning.com,Male,5/22/1996
436,Kacey,Aburrow,kaburrowc3@irs.gov,Female,7/7/1957
437,Meaghan,Pundy,mpundyc4@dot.gov,Female,9/8/2019
438,Starr,Hart,shartc5@shop-pro.jp,Female,6/15/1953
439,Ewell,Franies,efraniesc6@oakley.com,Male,5/5/1989
440,Kelila,Lapree,klapreec7@usda.gov,Female,8/30/1980
441,Lynsey,Kingwell,lkingwellc8@psu.edu,Female,12/1/2014
442,Shari,Descroix,sdescroixc9@miibeian.gov.cn,Female,2/24/2015
443,Shellie,Merfin,smerfinca@ameblo.jp,Female,7/3/1962
444,Ronald,Pearch,rpearchcb@123-reg.co.uk,Male,6/17/2013
445,Ulrick,Maletratt,umaletrattcc@usnews.com,Male,7/7/1954
446,Catrina,Barthelemy,cbarthelemycd@dell.com,Female,10/8/1951
447,Abra,Sandcroft,asandcroftce@washingtonpost.com,Female,10/12/1981
448,Ned,Ockleshaw,nockleshawcf@cnn.com,Male,10/9/1973
449,Alvan,Chittie,achittiecg@tinypic.com,Male,2/23/1991
450,Cristabel,Patnelli,cpatnellich@soup.io,Female,7/13/1959
451,Kate,Hearthfield,khearthfieldci@naver.com,Polygender,1/24/1983
452,Ricky,Braham,rbrahamcj@nymag.com,Male,12/23/1978
453,Kin,McGeorge,kmcgeorgeck@arizona.edu,Male,2/22/1960
454,Florella,Farr,ffarrcl@aol.com,Female,5/26/2012
455,Lindsey,Reeds,lreedscm@addtoany.com,Genderqueer,4/11/1984
456,Garv,Wallicker,gwallickercn@hostgator.com,Male,8/30/1988
457,Maryanna,Deerness,mdeernessco@hexun.com,Female,10/29/1972
458,Locke,Halling,lhallingcp@csmonitor.com,Male,11/23/2018
459,Asher,Jennick,ajennickcq@mail.ru,Male,2/27/2015
460,Yuma,Rudledge,yrudledgecr@purevolume.com,Male,6/7/1954
461,Pooh,Roglieri,proglierics@sciencedirect.com,Female,5/19/2006
462,Zachariah,MacAndie,zmacandiect@ebay.co.uk,Male,11/15/1966
463,Erminia,Yellop,eyellopcu@com.com,Female,4/26/2014
464,Gae,Hebborne,ghebbornecv@soup.io,Female,1/1/1961
465,Reube,Halloran,rhallorancw@printfriendly.com,Male,6/6/1969
466,Felice,Rykert,frykertcx@wordpress.org,Male,4/17/1980
467,Lorena,Setter,lsettercy@dion.ne.jp,Female,5/31/2002
468,Gelya,Sonschein,gsonscheincz@hp.com,Genderqueer,6/12/1995
469,Cornela,Antcliff,cantcliffd0@redcross.org,Female,2/21/2008
470,Horatia,Canedo,hcanedod1@is.gd,Female,12/6/1968
471,Jodie,Pinnere,jpinnered2@usa.gov,Female,1/10/2002
472,Fernanda,Rassmann,frassmannd3@photobucket.com,Female,3/26/1961
473,Gregoor,Jilkes,gjilkesd4@wisc.edu,Polygender,11/30/1969
474,Georgena,Bondesen,gbondesend5@bravesites.com,Female,4/7/1980
475,Zena,Grichukhin,zgrichukhind6@exblog.jp,Female,1/1/2003
476,Michel,Rougier,mrougierd7@state.gov,Female,7/30/1962
477,Margette,Croshaw,mcroshawd8@about.me,Agender,11/26/1975
478,Cedric,Axston,caxstond9@taobao.com,Male,10/24/2018
479,Sutherlan,Ainslie,sainslieda@jimdo.com,Polygender,7/18/1965
480,Ula,Toffel,utoffeldb@wikipedia.org,Non-binary,11/5/1964
481,Vonny,Mitie,vmitiedc@elpais.com,Female,5/4/1960
482,Torrie,Conti,tcontidd@mashable.com,Female,12/1/2002
483,Bili,Endicott,bendicottde@phpbb.com,Female,7/4/1991
484,Anastasia,Letty,alettydf@pbs.org,Female,12/3/1955
485,Welsh,Wheelton,wwheeltondg@usgs.gov,Male,10/29/1955
486,Yancy,Painswick,ypainswickdh@admin.ch,Male,5/26/1959
487,Araldo,Raymen,araymendi@hatena.ne.jp,Genderqueer,11/21/2010
488,Bartel,McCreedy,bmccreedydj@qq.com,Non-binary,3/27/1951
489,Morgen,Pretorius,mpretoriusdk@cbc.ca,Female,9/23/1985
490,Adriena,Licciardiello,alicciardiellodl@homestead.com,Female,7/6/1960
491,Link,Caulfield,lcaulfielddm@biblegateway.com,Male,10/23/1969
492,Frasquito,Pennyman,fpennymandn@posterous.com,Bigender,10/19/1996
493,Robinet,Roblett,rroblettdo@mit.edu,Male,1/6/1981
494,Otto,Banck,obanckdp@samsung.com,Male,1/17/2016
495,Liesa,August,laugustdq@com.com,Female,5/31/1954
496,Addie,Larcier,alarcierdr@slate.com,Female,9/14/1981
497,Granny,Lober,globerds@mapquest.com,Male,9/10/1978
498,Marthena,Pamphilon,mpamphilondt@timesonline.co.uk,Female,10/20/1997
499,Gloriana,Camolli,gcamollidu@symantec.com,Female,3/19/1970
500,Gerta,Mole,gmoledv@fc2.com,Female,4/26/1966
501,Mitchell,Spenton,mspentondw@bluehost.com,Male,6/29/1975
502,Humberto,Randalston,hrandalstondx@paginegialle.it,Male,6/23/1990
503,Victor,Ceschi,vceschidy@nasa.gov,Male,10/23/1999
504,Julian,Leonards,jleonardsdz@themeforest.net,Male,12/27/1964
505,Kipp,Geraghty,kgeraghtye0@indiatimes.com,Female,2/3/1984
506,Aili,Berthot,aberthote1@youtube.com,Female,3/16/2014
507,Anabel,Ayer,aayere2@ca.gov,Female,3/23/1993
508,Dannel,Dooly,ddoolye3@theatlantic.com,Male,11/2/1997
509,Davie,Dellow,ddellowe4@europa.eu,Male,1/21/2009
510,Vassili,Pollack,vpollacke5@howstuffworks.com,Male,2/15/1954
511,Andy,Blackster,ablackstere6@un.org,Female,8/10/1980
512,Fanni,Wisson,fwissone7@irs.gov,Bigender,2/27/1988
513,Dalston,Egerton,degertone8@bbc.co.uk,Male,11/4/1993
514,Carlotta,Witt,cwitte9@google.co.jp,Female,3/1/1970
515,Chelsy,Bedow,cbedowea@github.com,Female,7/6/1984
516,Kristoffer,Sturdey,ksturdeyeb@answers.com,Male,10/1/2000
517,Chrystal,Woodhead,cwoodheadec@google.de,Female,11/30/1956
518,Ruprecht,Girardeau,rgirardeaued@about.com,Male,4/12/1975
519,Stefania,Aitken,saitkenee@ted.com,Female,8/27/2011
520,Lynea,Rogeon,lrogeonef@sciencedaily.com,Agender,7/29/1988
521,Diena,Dovidian,ddovidianeg@eepurl.com,Female,8/22/2007
522,Ebenezer,Mahaffey,emahaffeyeh@theglobeandmail.com,Male,12/28/1983
523,Ario,Hails,ahailsei@yahoo.co.jp,Male,4/6/1968
524,Barry,Nast,bnastej@yale.edu,Female,10/13/1992
525,Britney,Llywarch,bllywarchek@washingtonpost.com,Female,1/27/1961
526,Sabine,Bonifant,sbonifantel@woothemes.com,Female,12/18/1988
527,Rubie,Imesson,rimessonem@ox.ac.uk,Female,6/26/1992
528,Olenolin,Jacomb,ojacomben@usa.gov,Male,9/10/2009
529,Patin,Yakuntzov,pyakuntzoveo@tuttocitta.it,Male,11/13/1982
530,Leopold,Carslake,lcarslakeep@cnbc.com,Male,5/1/2013
531,Hetty,Benge,hbengeeq@cnbc.com,Genderfluid,5/13/1999
532,Alleyn,Barras,abarraser@rambler.ru,Bigender,11/26/2002
533,Essie,Bullon,ebullones@bigcartel.com,Female,5/31/1986
534,Galven,Dewbury,gdewburyet@europa.eu,Male,5/27/1988
535,Luigi,Jaggard,ljaggardeu@meetup.com,Male,9/10/1956
536,Bernard,Stainburn,bstainburnev@blogtalkradio.com,Male,12/5/1969
537,Aidan,Kettow,akettowew@apache.org,Female,11/17/2017
538,Cassaundra,Pennycock,cpennycockex@diigo.com,Female,1/25/2018
539,Llewellyn,Risbie,lrisbieey@earthlink.net,Male,8/7/2001
540,Lamar,Theakston,ltheakstonez@intel.com,Male,9/7/1972
541,Mallory,McComiskey,mmccomiskeyf0@chicagotribune.com,Male,5/23/1960
542,Torin,Pendrid,tpendridf1@pagesperso-orange.fr,Non-binary,8/11/1952
543,Karil,Brookesbie,kbrookesbief2@usda.gov,Female,2/4/1954
544,Concordia,Fitchett,cfitchettf3@webeden.co.uk,Female,5/17/1989
545,Camilla,Crady,ccradyf4@weibo.com,Female,5/19/1981
546,Shela,Chastenet,schastenetf5@exblog.jp,Female,10/6/2018
547,Dmitri,Kornalik,dkornalikf6@cyberchimps.com,Male,3/4/1990
548,Del,Kiddell,dkiddellf7@buzzfeed.com,Female,11/3/1995
549,Bryana,Purple,bpurplef8@mayoclinic.com,Female,7/26/1984
550,Abe,Littler,alittlerf9@wp.com,Male,10/10/1951
551,Tonya,Girardini,tgirardinifa@ucoz.ru,Polygender,5/15/1958
552,Skipper,Mossbee,smossbeefb@flavors.me,Male,1/15/2015
553,Corrie,Hawse,chawsefc@fc2.com,Female,12/16/2015
554,Leonid,Manntschke,lmanntschkefd@seattletimes.com,Male,4/22/1959
555,Patti,Elcocks,pelcocksfe@mozilla.com,Female,5/13/1999
556,Gael,Godley,ggodleyff@archive.org,Female,5/18/1994
557,Angeli,Mathevon,amathevonfg@reddit.com,Male,3/1/1953
558,Oralee,Yanne,oyannefh@wikispaces.com,Female,8/9/2003
559,Kelsey,Dunkinson,kdunkinsonfi@yahoo.co.jp,Female,12/25/2016
560,Harvey,Shortin,hshortinfj@cdc.gov,Male,1/24/1954
561,Roxi,Kollach,rkollachfk@uiuc.edu,Female,7/9/1961
562,Vincenty,Faire,vfairefl@hostgator.com,Male,3/21/1964
563,Lambert,Davie,ldaviefm@admin.ch,Male,10/20/2020
564,Claiborne,Jordison,cjordisonfn@uiuc.edu,Male,11/13/2018
565,Modestine,Kornacki,mkornackifo@discuz.net,Female,1/5/1993
566,Mehetabel,Luis,mluisfp@google.ca,Female,10/22/1999
567,Hillel,Boseley,hboseleyfq@merriam-webster.com,Male,12/8/1956
568,Eleanore,Leonard,eleonardfr@livejournal.com,Female,5/4/1960
569,Alica,Fowley,afowleyfs@instagram.com,Bigender,6/19/1982
570,Blancha,Gameson,bgamesonft@mashable.com,Non-binary,7/10/1966
571,Cherilyn,Hannibal,channibalfu@illinois.edu,Female,1/24/1960
572,Dorette,Torres,dtorresfv@privacy.gov.au,Female,1/24/1962
573,Kelsey,Romeuf,kromeuffw@photobucket.com,Male,11/6/1974
574,Kevina,Bessell,kbessellfx@phoca.cz,Female,12/22/1971
575,Bunny,Jelks,bjelksfy@shareasale.com,Agender,2/27/1972
576,Fayina,Dungey,fdungeyfz@economist.com,Agender,7/18/2000
577,Robbert,Paolino,rpaolinog0@taobao.com,Male,3/27/1965
578,Janelle,Ocklin,jockling1@go.com,Female,7/25/1952
579,Agnes,Milmore,amilmoreg2@tmall.com,Female,12/5/1988
580,Luelle,Ebsworth,lebsworthg3@wordpress.org,Female,6/11/1991
581,Bennie,Hulle,bhulleg4@spiegel.de,Male,12/3/1983
582,Kirstin,Townsend,ktownsendg5@scribd.com,Female,1/29/1990
583,Ulla,Kopfen,ukopfeng6@myspace.com,Female,7/3/2018
584,Mirabel,Pert,mpertg7@tmall.com,Female,12/23/2008
585,Woodie,Peert,wpeertg8@seesaa.net,Male,6/22/1981
586,Tersina,Woodward,twoodwardg9@de.vu,Female,1/21/1978
587,Ariela,Boram,aboramga@unesco.org,Non-binary,4/26/2003
588,Claudine,Wayper,cwaypergb@cdbaby.com,Non-binary,6/25/2010
589,Quintus,Swanston,qswanstongc@bigcartel.com,Genderqueer,10/9/1972
590,Maible,Brittan,mbrittangd@reddit.com,Female,9/27/1967
591,Kimbell,Olrenshaw,kolrenshawge@wp.com,Male,11/3/1986
592,Mirabel,Swithenby,mswithenbygf@hud.gov,Female,5/16/1981
593,Fiona,Silverson,fsilversongg@skype.com,Bigender,8/1/1959
594,Maximilianus,MacArte,mmacartegh@mozilla.com,Male,1/24/1975
595,Omero,Paddie,opaddiegi@bizjournals.com,Male,9/8/1974
596,Kelby,Southerill,ksoutherillgj@uiuc.edu,Male,8/31/1988
597,Derby,Dirand,ddirandgk@alexa.com,Male,11/3/1989
598,Larry,Raynham,lraynhamgl@prnewswire.com,Male,5/11/1965
599,Corrinne,Berthot,cberthotgm@liveinternet.ru,Genderqueer,7/20/1977
600,Osborne,Banfill,obanfillgn@tamu.edu,Male,5/1/2007
601,Krispin,Fever,kfevergo@cafepress.com,Male,4/2/1976
602,Ransell,Lawtie,rlawtiegp@forbes.com,Male,6/8/1962
603,Etan,Tee,eteegq@home.pl,Male,12/23/1979
604,Brandie,Logan,blogangr@trellian.com,Female,4/30/1973
605,Curry,Renne,crennegs@ask.com,Male,10/25/1996
606,Inge,Tuhy,ituhygt@ocn.ne.jp,Female,8/22/1966
607,Doroteya,Ong,donggu@yelp.com,Female,8/3/2002
608,Giustina,Really,greallygv@nps.gov,Female,8/31/1994
609,Bonita,Radki,bradkigw@wix.com,Female,4/24/1956
610,Goldie,Grigoli,ggrigoligx@yellowbook.com,Female,7/11/2005
611,Janel,Donnelly,jdonnellygy@wisc.edu,Female,6/26/1965
612,Alina,Cullin,acullingz@uiuc.edu,Female,3/25/1995
613,Franzen,Barton,fbartonh0@weebly.com,Male,12/20/2014
614,Alick,Fiddy,afiddyh1@instagram.com,Male,10/10/1962
615,Glyn,Cornu,gcornuh2@answers.com,Male,3/2/1990
616,Felizio,Lofts,floftsh3@artisteer.com,Male,5/18/1987
617,Addison,Torns,atornsh4@reference.com,Male,2/26/2009
618,Ettie,Edeson,eedesonh5@youtu.be,Female,11/29/2013
619,Ashby,Landor,alandorh6@rakuten.co.jp,Male,4/23/1977
620,Sada,Weber,sweberh7@omniture.com,Female,12/25/1991
621,Perl,Annon,pannonh8@shinystat.com,Female,8/31/2001
622,Daisey,Orae,doraeh9@japanpost.jp,Non-binary,9/18/1978
623,Quincy,Lewsam,qlewsamha@aol.com,Male,8/29/2008
624,Jeremias,Henstridge,jhenstridgehb@infoseek.co.jp,Male,9/16/1963
625,Ad,Tabard,atabardhc@edublogs.org,Male,11/8/1993
626,Olympie,Swanborrow,oswanborrowhd@creativecommons.org,Female,2/7/2007
627,Danie,Scogin,dscoginhe@gizmodo.com,Male,2/26/2007
628,Angelico,Bellamy,abellamyhf@bbb.org,Male,6/12/1953
629,Martyn,Snaddon,msnaddonhg@google.ru,Male,1/9/2002
630,Samson,Gwyer,sgwyerhh@wiley.com,Agender,6/22/1979
631,Joete,Ludewig,jludewighi@i2i.jp,Female,3/8/1977
632,Isador,Romanet,iromanethj@tumblr.com,Male,3/17/2016
633,Erin,Schachter,eschachterhk@e-recht24.de,Male,12/12/1988
634,Arline,Pickthall,apickthallhl@odnoklassniki.ru,Female,12/5/1993
635,Ceil,Huband,chubandhm@storify.com,Female,12/16/2015
636,Joey,Tilbury,jtilburyhn@squidoo.com,Male,8/25/1976
637,Rolando,Gopsall,rgopsallho@ed.gov,Male,6/12/1964
638,Benni,Artindale,bartindalehp@jugem.jp,Bigender,1/12/2003
639,Ben,Scrivenor,bscrivenorhq@paypal.com,Male,8/9/2018
640,Kayley,Thornhill,kthornhillhr@oakley.com,Female,10/9/2003
641,Melony,Damant,mdamanths@google.com,Female,9/27/1978
642,Jessamine,Haney`,jhaneyht@blinklist.com,Female,5/3/2011
643,Elbertine,Reddish,ereddishhu@diigo.com,Female,9/26/2009
644,Doralyn,Aguirre,daguirrehv@yolasite.com,Female,8/23/2013
645,Hatti,Beedle,hbeedlehw@cdbaby.com,Female,8/19/1983
646,Yelena,Frankcomb,yfrankcombhx@hc360.com,Genderfluid,8/8/2016
647,Prudy,Bott,pbotthy@chicagotribune.com,Female,1/11/2009
648,Onofredo,Jobey,ojobeyhz@newyorker.com,Male,3/14/1999
649,Matti,Geertje,mgeertjei0@yellowpages.com,Female,11/24/1965
650,Marlee,Bampfield,mbampfieldi1@purevolume.com,Female,11/21/1997
651,Worthington,Whatmough,wwhatmoughi2@desdev.cn,Male,8/11/2010
652,Balduin,Daniellot,bdanielloti3@comcast.net,Male,12/14/1966
653,Candy,Benkhe,cbenkhei4@discovery.com,Female,9/29/1953
654,Geri,Itzik,gitziki5@networkadvertising.org,Female,11/3/2013
655,Pavel,Seeger,pseegeri6@indiatimes.com,Male,12/29/2005
656,Tremayne,Challenger,tchallengeri7@plala.or.jp,Male,8/7/2019
657,Lucine,Hazell,lhazelli8@amazon.com,Genderqueer,3/8/1988
658,Baryram,Glassard,bglassardi9@e-recht24.de,Male,4/3/1989
659,Lucinda,Frier,lfrieria@ustream.tv,Genderqueer,3/12/1976
660,Trumann,Rudloff,trudloffib@gnu.org,Male,7/16/1995
661,Tabby,Hubber,thubberic@quantcast.com,Female,9/22/1983
662,Flossy,Belk,fbelkid@admin.ch,Female,10/1/2013
663,Reid,Heintze,rheintzeie@yahoo.co.jp,Male,1/12/2010
664,Andonis,Jandera,ajanderaif@cafepress.com,Male,11/16/1994
665,Bram,Follin,bfollinig@google.fr,Male,2/24/1996
666,Trever,Cowdry,tcowdryih@t.co,Male,3/6/1996
667,Jayson,Schechter,jschechterii@google.com.hk,Male,2/20/1982
668,Courtnay,Nice,cniceij@seesaa.net,Female,12/12/2014
669,Zorine,Champkins,zchampkinsik@cpanel.net,Female,11/17/1965
670,Marlena,Spohrmann,mspohrmannil@princeton.edu,Female,5/24/2000
671,Cole,Riddall,criddallim@sourceforge.net,Male,6/29/2007
672,Lucine,Rudinger,lrudingerin@eventbrite.com,Female,1/18/2014
673,Jerrylee,Haddleston,jhaddlestonio@liveinternet.ru,Female,6/4/1979
674,Jordanna,Porkiss,jporkissip@blogs.com,Female,11/28/2008
675,Arch,Merioth,ameriothiq@goo.ne.jp,Male,7/2/1999
676,Gilbertina,Hardiker,ghardikerir@ebay.co.uk,Non-binary,1/21/1971
677,Gloria,Damerell,gdamerellis@typepad.com,Female,1/19/1973
678,Wes,Pedro,wpedroit@hc360.com,Male,8/5/2000
679,Adlai,Judgkins,ajudgkinsiu@youtube.com,Male,11/19/2009
680,Ivy,Fulford,ifulfordiv@elpais.com,Female,6/22/1998
681,Fredia,More,fmoreiw@howstuffworks.com,Female,10/20/1980
682,Janella,Havenhand,jhavenhandix@sakura.ne.jp,Female,4/5/1952
683,Even,Rosenau,erosenauiy@japanpost.jp,Male,8/27/1951
684,Kizzee,Balaizot,kbalaizotiz@dell.com,Non-binary,11/2/1991
685,Jess,Dayne,jdaynej0@wsj.com,Male,3/18/1970
686,Sylvan,Armfield,sarmfieldj1@cnet.com,Male,8/30/1985
687,Horacio,Sorrill,hsorrillj2@wix.com,Male,11/30/1976
688,Etienne,McAless,emcalessj3@flavors.me,Male,3/3/1954
689,Nathanael,O'Grady,nogradyj4@comsenz.com,Male,4/11/2016
690,Husein,Wrotchford,hwrotchfordj5@tamu.edu,Male,7/14/1954
691,Sydney,Thewlis,sthewlisj6@cam.ac.uk,Male,3/31/1963
692,Ham,Raubenheim,hraubenheimj7@pagesperso-orange.fr,Male,9/19/1955
693,Hildegarde,Lidyard,hlidyardj8@yale.edu,Female,8/6/1978
694,Moritz,Splaven,msplavenj9@comsenz.com,Male,1/7/1973
695,Cort,Skala,cskalaja@jiathis.com,Male,4/26/1978
696,Yuri,Zavattieri,yzavattierijb@hugedomains.com,Male,10/22/2008
697,Melvyn,Duncanson,mduncansonjc@google.it,Male,1/30/2009
698,Anton,Fairebrother,afairebrotherjd@narod.ru,Male,1/17/1982
699,Hyacinthia,Lippard,hlippardje@wsj.com,Female,12/8/1954
700,Willard,Inkles,winklesjf@t.co,Male,11/30/1999
701,Layton,Broomfield,lbroomfieldjg@t.co,Agender,4/4/2015
702,Tyrus,Diffley,tdiffleyjh@blogtalkradio.com,Genderqueer,3/14/2015
703,Glyn,Noir,gnoirji@imageshack.us,Male,11/15/1978
704,Lyssa,Boeter,lboeterjj@issuu.com,Female,9/6/1976
705,Rosalia,Stenson,rstensonjk@privacy.gov.au,Female,10/15/1956
706,Giovanni,Churching,gchurchingjl@instagram.com,Male,2/28/1992
707,Andie,Gallelli,agallellijm@ameblo.jp,Male,4/14/1991
708,Bucky,Plett,bplettjn@state.gov,Male,9/24/2011
709,Ardenia,Barrable,abarrablejo@paginegialle.it,Female,6/22/2005
710,Wakefield,Gartan,wgartanjp@about.com,Male,2/23/2010
711,Olin,Brodeur,obrodeurjq@booking.com,Non-binary,7/17/1992
712,Trever,Sibille,tsibillejr@who.int,Male,8/20/1996
713,Darrel,Kleine,dkleinejs@cnet.com,Male,11/18/1951
714,Trenna,McGeffen,tmcgeffenjt@surveymonkey.com,Female,12/6/1992
715,Malorie,Steaning,msteaningju@so-net.ne.jp,Female,12/1/1972
716,Godfry,Donovin,gdonovinjv@blog.com,Male,4/4/1988
717,Latrena,Ainsby,lainsbyjw@latimes.com,Female,3/25/1970
718,Editha,Episcopio,eepiscopiojx@forbes.com,Polygender,7/24/1955
719,Rollin,Simonou,rsimonoujy@rediff.com,Male,4/15/1996
720,Goraud,Mancell,gmancelljz@macromedia.com,Male,4/26/1988
721,Chance,Boshere,cbosherek0@nasa.gov,Male,8/25/2011
722,Rozanna,Prendiville,rprendivillek1@youtube.com,Female,6/3/2002
723,Son,Hars,sharsk2@tmall.com,Male,5/8/1955
724,Ransom,Roberds,rroberdsk3@upenn.edu,Male,7/20/2019
725,Madella,Hammerstone,mhammerstonek4@netlog.com,Polygender,2/15/1986
726,Merilee,Howman,mhowmank5@dagondesign.com,Female,10/10/1975
727,Silvio,Sappy,ssappyk6@biblegateway.com,Male,9/24/1982
728,Anne,Cave,acavek7@biblegateway.com,Female,3/2/1971
729,Lock,Lebrun,llebrunk8@state.tx.us,Male,10/5/1982
730,Clair,Downham,cdownhamk9@com.com,Female,6/20/1981
731,Anatole,Caldera,acalderaka@purevolume.com,Bigender,7/20/2007
732,Bartholomeo,Burbidge,bburbidgekb@sphinn.com,Male,5/12/2020
733,Tonie,Secrett,tsecrettkc@usatoday.com,Female,7/9/1989
734,Burnard,Catling,bcatlingkd@stumbleupon.com,Male,4/30/1960
735,Karalynn,Malbon,kmalbonke@livejournal.com,Female,1/6/2003
736,Wini,Ondracek,wondracekkf@slate.com,Bigender,10/14/1975
737,Harald,Lindenman,hlindenmankg@reuters.com,Male,1/22/1981
738,Merry,Hansard,mhansardkh@free.fr,Male,8/6/2016
739,Dennet,Syddon,dsyddonki@mozilla.org,Male,11/4/1999
740,Maryjane,Skipp,mskippkj@bbc.co.uk,Female,12/31/1977
741,Florette,MacPaik,fmacpaikkk@cbslocal.com,Female,10/11/1951
742,Rory,Klosa,rklosakl@wordpress.org,Male,9/24/1980
743,Laurella,Boner,lbonerkm@hexun.com,Female,12/11/1960
744,Keelby,Thorndycraft,kthorndycraftkn@census.gov,Male,5/2/1995
745,Carma,Mournian,cmournianko@yellowpages.com,Female,12/26/1950
746,Arthur,Delahunty,adelahuntykp@furl.net,Male,2/25/1967
747,Martina,Haccleton,mhaccletonkq@scientificamerican.com,Female,5/31/1971
748,Vincenty,Awton,vawtonkr@behance.net,Male,5/19/1958
749,Frants,Gateland,fgatelandks@webnode.com,Male,4/19/1963
750,Tabby,Sedgemore,tsedgemorekt@macromedia.com,Male,7/29/1970
751,Blair,Girardot,bgirardotku@fotki.com,Female,9/21/2006
752,Jasper,Ivakhno,jivakhnokv@vkontakte.ru,Male,10/1/1988
753,Sigvard,Pomfrett,spomfrettkw@mlb.com,Male,2/6/2005
754,Ellwood,Sweetenham,esweetenhamkx@scientificamerican.com,Male,5/1/1960
755,Sophie,Chesterfield,schesterfieldky@sfgate.com,Female,6/3/1970
756,Cornie,Blinder,cblinderkz@mlb.com,Female,6/21/1953
757,Katharyn,Gosnall,kgosnalll0@senate.gov,Female,11/6/2003
758,Dodi,Woodwin,dwoodwinl1@unc.edu,Female,7/23/1964
759,Hyatt,Tixier,htixierl2@sun.com,Male,9/10/1966
760,Neale,Sawnwy,nsawnwyl3@auda.org.au,Male,3/29/2006
761,Gaynor,Gagin,ggaginl4@1und1.de,Non-binary,1/4/1963
762,Riley,Roseaman,rroseamanl5@constantcontact.com,Male,11/17/1957
763,Stephenie,Puddan,spuddanl6@webeden.co.uk,Female,8/31/1999
764,Rosina,Tracey,rtraceyl7@tumblr.com,Female,5/12/1956
765,Jade,Dimmer,jdimmerl8@a8.net,Non-binary,10/19/1996
766,Lev,Haggidon,lhaggidonl9@ovh.net,Agender,10/13/1977
767,Lucienne,Rosenwasser,lrosenwasserla@who.int,Female,2/24/1965
768,Belia,McMeekan,bmcmeekanlb@virginia.edu,Female,9/5/1994
769,Mose,Seeley,mseeleylc@nsw.gov.au,Polygender,4/17/1959
770,Ana,Phettiplace,aphettiplaceld@army.mil,Female,1/17/2007
771,Even,Gonnely,egonnelyle@sbwire.com,Male,1/30/1953
772,Rosana,Gunson,rgunsonlf@ihg.com,Female,8/4/1952
773,Toby,Tyrrell,ttyrrelllg@scribd.com,Male,4/10/1973
774,Zondra,Lamacraft,zlamacraftlh@shareasale.com,Female,1/5/1951
775,Linnie,McGennis,lmcgennisli@i2i.jp,Female,2/13/1988
776,Kile,Bullene,kbullenelj@biblegateway.com,Male,6/5/1990
777,Ludovika,Croci,lcrocilk@rambler.ru,Female,11/23/1961
778,Nan,Bourrel,nbourrelll@webeden.co.uk,Female,5/19/1965
779,Karen,Gavagan,kgavaganlm@feedburner.com,Female,11/25/2010
780,Jourdain,Hellen,jhellenln@jugem.jp,Male,8/5/1986
781,Ralina,Seamark,rseamarklo@narod.ru,Female,11/20/1991
782,Tripp,Wards,twardslp@cloudflare.com,Genderqueer,10/5/2005
783,Caye,Glasscoe,cglasscoelq@cam.ac.uk,Female,5/17/1968
784,Ami,Kleinzweig,akleinzweiglr@opera.com,Female,10/31/1990
785,Roxi,Nelle,rnellels@msn.com,Non-binary,5/11/1968
786,Hilario,Izchaki,hizchakilt@stumbleupon.com,Male,1/3/2017
787,Brandice,Barstowk,bbarstowklu@irs.gov,Female,3/13/2004
788,Murray,Durbyn,mdurbynlv@tmall.com,Male,5/10/2000
789,Niles,Yerborn,nyerbornlw@spiegel.de,Male,5/21/1958
790,Fair,Leisk,fleisklx@zdnet.com,Male,2/14/1969
791,Bertie,Girardez,bgirardezly@wired.com,Male,5/29/1961
792,Letti,Cours,lcourslz@indiegogo.com,Female,6/7/1964
793,Janela,Semrad,jsemradm0@senate.gov,Female,10/13/1981
794,Ludovika,Okey,lokeym1@ning.com,Female,3/26/2002
795,Hillier,Blachford,hblachfordm2@columbia.edu,Male,12/25/1957
796,Patience,Dayley,pdayleym3@imgur.com,Agender,9/1/1969
797,Xena,Hercock,xhercockm4@devhub.com,Female,4/24/1984
798,Clair,Bridgewater,cbridgewaterm5@china.com.cn,Male,1/15/1994
799,Janie,Duddle,jduddlem6@cnet.com,Female,3/24/2009
800,Harbert,Ledamun,hledamunm7@webeden.co.uk,Male,12/9/1976
801,Romona,Swanger,rswangerm8@miibeian.gov.cn,Female,5/17/2006
802,Micheil,Helliar,mhelliarm9@ning.com,Male,10/5/1999
803,Sarene,Caff,scaffma@canalblog.com,Female,10/1/2004
804,Kev,Emmines,kemminesmb@salon.com,Male,10/16/1989
805,Opal,Husby,ohusbymc@reverbnation.com,Female,3/12/2013
806,Mariya,Learmouth,mlearmouthmd@webeden.co.uk,Female,8/16/1954
807,Langsdon,todor,ltodorme@abc.net.au,Male,9/12/1984
808,Andrey,Pietsma,apietsmamf@fastcompany.com,Male,4/3/1980
809,Vidovik,Marjanski,vmarjanskimg@dailymotion.com,Male,2/24/2011
810,Denver,Roff,droffmh@wordpress.com,Genderqueer,10/10/2000
811,Mathilda,Killick,mkillickmi@storify.com,Genderqueer,3/28/1963
812,Wilmar,Smooth,wsmoothmj@eepurl.com,Male,4/9/1995
813,Sibbie,Seiter,sseitermk@sakura.ne.jp,Female,12/17/1967
814,Kirsti,Ryder,kryderml@intel.com,Female,11/9/1956
815,Joanne,McLernon,jmclernonmm@aboutads.info,Female,10/2/1976
816,Tannie,Tipler,ttiplermn@webmd.com,Male,4/17/2002
817,Ferne,Jersh,fjershmo@cnbc.com,Female,6/7/1975
818,Aluino,Belison,abelisonmp@macromedia.com,Male,2/25/1975
819,Wendall,Gisburn,wgisburnmq@livejournal.com,Male,1/15/1993
820,Osbourn,Wannes,owannesmr@geocities.com,Male,3/20/1961
821,Ollie,Tideswell,otideswellms@flickr.com,Male,1/30/1978
822,Erny,Merrisson,emerrissonmt@flavors.me,Male,10/21/1951
823,Israel,Cadlock,icadlockmu@parallels.com,Male,11/15/2012
824,Livvyy,Benley,lbenleymv@accuweather.com,Female,4/16/1954
825,Trina,Steagall,tsteagallmw@lulu.com,Female,9/4/1978
826,Constance,Dallan,cdallanmx@pinterest.com,Female,8/10/2001
827,Shawnee,Beharrell,sbeharrellmy@ted.com,Female,5/1/1983
828,Annadiana,Butte,abuttemz@house.gov,Female,5/24/1999
829,Hyacintha,Druhan,hdruhann0@virginia.edu,Female,5/28/1969
830,Kathryn,Sothern,ksothernn1@springer.com,Female,2/16/1981
831,Kristyn,Mathivon,kmathivonn2@icq.com,Female,10/17/1959
832,Cate,Loughlan,cloughlann3@gov.uk,Female,10/9/1970
833,Ariela,Ingyon,aingyonn4@squidoo.com,Female,7/19/1993
834,Innis,Turle,iturlen5@discovery.com,Male,6/12/2008
835,Land,Banghe,lbanghen6@nbcnews.com,Male,12/11/1963
836,Dede,Leven,dlevenn7@usnews.com,Female,10/13/2004
837,Mahala,Daudray,mdaudrayn8@ucoz.ru,Female,10/24/2006
838,Nola,Folks,nfolksn9@surveymonkey.com,Female,2/7/2009
839,Orran,Bellows,obellowsna@sogou.com,Male,1/18/2006
840,Fredrick,McGinly,fmcginlynb@indiegogo.com,Male,4/25/1959
841,Merrill,Juste,mjustenc@ed.gov,Female,8/17/2019
842,Calv,McGriffin,cmcgriffinnd@ucla.edu,Male,1/8/1984
843,Otes,McGarva,omcgarvane@google.ca,Male,3/24/1976
844,Donna,Efford,deffordnf@pbs.org,Female,12/19/1970
845,Trixie,Klaessen,tklaessenng@princeton.edu,Female,8/29/2007
846,Jenda,Bennison,jbennisonnh@e-recht24.de,Genderfluid,9/4/2013
847,Odessa,Jimmison,ojimmisonni@opera.com,Female,9/14/2006
848,Rebeka,Obray,robraynj@istockphoto.com,Female,4/9/1951
849,Gerardo,MacIlraith,gmacilraithnk@cloudflare.com,Male,5/8/1962
850,Frederich,Birtwhistle,fbirtwhistlenl@ocn.ne.jp,Bigender,2/24/1965
851,Karyn,Gornal,kgornalnm@exblog.jp,Female,4/1/1996
852,Jessey,Linnitt,jlinnittnn@51.la,Male,1/8/1967
853,Edward,Proudler,eproudlerno@joomla.org,Male,9/16/1973
854,Cesaro,Code,ccodenp@histats.com,Male,12/29/1985
855,Loralyn,Leibold,lleiboldnq@sciencedirect.com,Female,5/30/1963
856,Cathie,Attfield,cattfieldnr@house.gov,Female,2/1/2011
857,Carlina,Cullon,ccullonns@printfriendly.com,Female,10/31/1991
858,Rustie,Rayson,rraysonnt@vinaora.com,Male,11/13/1997
859,Mira,Dwane,mdwanenu@wikipedia.org,Female,9/21/1971
860,Bernhard,McComb,bmccombnv@mozilla.com,Male,12/1/1959
861,Gaelan,Brixey,gbrixeynw@infoseek.co.jp,Male,10/25/1977
862,Vivianna,Wimp,vwimpnx@europa.eu,Female,6/13/1969
863,Archie,Dugall,adugallny@dropbox.com,Male,5/21/1978
864,Merrill,Jerdein,mjerdeinnz@who.int,Female,9/9/2014
865,Petra,Swetland,pswetlando0@example.com,Female,6/30/1968
866,Binnie,Waldock,bwaldocko1@angelfire.com,Female,5/15/1976
867,Robbie,Scryne,rscryneo2@unicef.org,Male,9/21/2006
868,Shannah,Dorn,sdorno3@senate.gov,Female,4/3/2012
869,Marlow,Kleen,mkleeno4@qq.com,Male,12/11/1964
870,Hammad,Hymer,hhymero5@google.co.uk,Male,8/12/1964
871,Lexie,Rabbe,lrabbeo6@github.io,Female,1/26/1980
872,Dot,Lampitt,dlampitto7@sourceforge.net,Female,7/16/1955
873,Derby,Boeter,dboetero8@gravatar.com,Male,5/24/1962
874,Haven,Dominici,hdominicio9@nbcnews.com,Male,4/29/1985
875,Philipa,Thirtle,pthirtleoa@baidu.com,Female,10/15/1959
876,Aldis,Timmens,atimmensob@hibu.com,Male,5/23/1981
877,Blondelle,Barthelme,bbarthelmeoc@joomla.org,Female,11/24/1975
878,Jedd,Tomaini,jtomainiod@hc360.com,Male,11/10/2008
879,Betta,Seckington,bseckingtonoe@gov.uk,Female,2/22/2019
880,Roxy,Blanque,rblanqueof@phpbb.com,Female,8/9/1976
881,Jimmy,Strippling,jstripplingog@upenn.edu,Male,9/13/1996
882,Silva,Howen,showenoh@admin.ch,Female,6/1/2013
883,Lanae,Do Rosario,ldorosariooi@msu.edu,Female,9/15/1980
884,Jerald,McKeaney,jmckeaneyoj@sun.com,Male,1/19/1995
885,Birgit,Rosbotham,brosbothamok@sitemeter.com,Female,9/9/2014
886,Thaddus,Garretts,tgarrettsol@comsenz.com,Male,6/1/1984
887,Thorny,Denial,tdenialom@barnesandnoble.com,Polygender,3/26/1978
888,Star,Pasek,spasekon@google.fr,Female,5/1/1970
889,Albert,Dyshart,adyshartoo@weibo.com,Male,5/23/1983
890,Aymer,Funnell,afunnellop@lycos.com,Male,7/28/1957
891,Ingamar,Wilcock,iwilcockoq@reddit.com,Male,1/14/1958
892,Ealasaid,Sollam,esollamor@economist.com,Female,9/26/1976
893,Lorrie,Sutheran,lsutheranos@ezinearticles.com,Genderqueer,8/25/1995
894,Lanae,Gian,lgianot@dailymail.co.uk,Female,4/2/2010
895,Theadora,Meiklejohn,tmeiklejohnou@yellowbook.com,Female,1/9/1966
896,Fonzie,Woodus,fwoodusov@live.com,Male,5/15/1981
897,Ardelia,Jouannin,ajouanninow@virginia.edu,Female,5/4/1960
898,Ali,Aliberti,aalibertiox@zdnet.com,Agender,11/20/1967
899,Matthias,Bumford,mbumfordoy@ca.gov,Male,12/30/2004
900,Sacha,Ourry,sourryoz@de.vu,Female,7/15/1951
901,Mehetabel,Hessle,mhesslep0@google.pl,Female,4/28/1977
902,Roberta,Kayes,rkayesp1@pcworld.com,Female,11/13/2009
903,Aeriela,Tooher,atooherp2@vinaora.com,Female,10/30/2011
904,Lewiss,Carratt,lcarrattp3@rediff.com,Male,1/19/2016
905,Dill,Moakson,dmoaksonp4@tamu.edu,Male,9/6/1959
906,Angelique,Raise,araisep5@cnet.com,Female,6/30/2000
907,Cindy,Juniper,cjuniperp6@over-blog.com,Female,4/27/2012
908,Erv,Heephy,eheephyp7@google.it,Male,9/2/1988
909,Clayborn,Acton,cactonp8@answers.com,Male,7/16/2018
910,Cortney,Kinavan,ckinavanp9@photobucket.com,Female,6/15/2004
911,Derek,Kellie,dkelliepa@nature.com,Male,4/11/1996
912,Heidie,Addicote,haddicotepb@vimeo.com,Female,5/9/1969
913,Gavra,Gluyus,ggluyuspc@howstuffworks.com,Female,5/17/2004
914,Shanda,Brickdale,sbrickdalepd@istockphoto.com,Female,7/22/1997
915,Vidovik,Fearnley,vfearnleype@bandcamp.com,Male,1/22/1960
916,Kinnie,Pawelke,kpawelkepf@nydailynews.com,Male,10/5/1964
917,Arnaldo,Van den Velde,avandenveldepg@dell.com,Male,4/12/1979
918,Warde,Le Count,wlecountph@xinhuanet.com,Male,2/19/1974
919,Nedda,Fforde,nffordepi@cocolog-nifty.com,Female,1/29/1991
920,Julian,Orans,joranspj@npr.org,Male,11/20/1966
921,Tait,Ballaam,tballaampk@cdbaby.com,Male,3/31/1963
922,Courtenay,Klimentyev,cklimentyevpl@bbb.org,Female,3/10/1960
923,Inesita,Howard - Gater,ihowardgaterpm@constantcontact.com,Female,11/29/1998
924,Giovanna,Noel,gnoelpn@deliciousdays.com,Female,3/17/1997
925,Dania,Coonihan,dcoonihanpo@adobe.com,Female,11/1/1959
926,Brendis,Fenton,bfentonpp@bizjournals.com,Male,2/2/2016
927,Seumas,Fleckney,sfleckneypq@umn.edu,Male,1/24/2009
928,Frederica,Barkworth,fbarkworthpr@joomla.org,Female,4/8/1963
929,Corilla,Sand,csandps@forbes.com,Female,6/3/1981
930,Adler,Stannering,astanneringpt@xing.com,Male,11/1/1983
931,Tab,Gridon,tgridonpu@umich.edu,Male,12/22/1955
932,Cathlene,Grafton-Herbert,cgraftonherbertpv@intel.com,Non-binary,5/16/2006
933,Adoree,Trundler,atrundlerpw@washingtonpost.com,Female,10/13/1969
934,Gerek,Gerardot,ggerardotpx@4shared.com,Male,12/23/1975
935,Romeo,Finnis,rfinnispy@shop-pro.jp,Male,4/7/1981
936,Granger,Cridlin,gcridlinpz@netlog.com,Male,3/2/1961
937,Niels,Brook,nbrookq0@google.ru,Male,5/10/1959
938,Sydney,Mellings,smellingsq1@typepad.com,Male,4/26/1965
939,Arlee,Springham,aspringhamq2@seesaa.net,Female,7/3/2017
940,Babita,Claque,bclaqueq3@amazon.co.jp,Female,3/2/2002
941,Roland,Fominov,rfominovq4@macromedia.com,Male,7/20/1978
942,Adolph,Brinded,abrindedq5@bigcartel.com,Male,2/7/2020
943,Korey,Verissimo,kverissimoq6@1688.com,Male,11/6/1981
944,Brew,Potebury,bpoteburyq7@miitbeian.gov.cn,Male,10/1/2004
945,Robbert,Ferrillio,rferrillioq8@forbes.com,Male,8/4/2003
946,Lionel,Joliffe,ljoliffeq9@berkeley.edu,Male,8/19/1972
947,Dody,Smeath,dsmeathqa@youtube.com,Female,3/13/2017
948,Rosita,Adamson,radamsonqb@hhs.gov,Non-binary,12/19/1978
949,Nerta,Brownsell,nbrownsellqc@soup.io,Non-binary,8/30/1978
950,Purcell,Grinvalds,pgrinvaldsqd@statcounter.com,Male,10/17/2012
951,Mab,Barriball,mbarriballqe@mashable.com,Female,3/17/1963
952,Vachel,Huxster,vhuxsterqf@microsoft.com,Male,4/10/1997
953,Giffer,Queripel,gqueripelqg@wordpress.com,Male,12/5/2003
954,Sherrie,Vernazza,svernazzaqh@elegantthemes.com,Female,5/31/1963
955,Caryl,Roscher,croscherqi@ovh.net,Female,2/8/2012
956,Kennett,Quilty,kquiltyqj@example.com,Male,3/10/1961
957,Earle,Mulliner,emullinerqk@cloudflare.com,Male,1/16/2007
958,Neal,Hessenthaler,nhessenthalerql@booking.com,Male,3/27/1958
959,Erick,Bonellie,ebonellieqm@globo.com,Male,6/29/1999
960,Sutherland,Ancliff,sancliffqn@yandex.ru,Male,10/25/1963
961,Reggy,Dolbey,rdolbeyqo@spiegel.de,Male,11/25/1962
962,Kristopher,Milverton,kmilvertonqp@discovery.com,Male,11/25/1975
963,Dara,Dunsmore,ddunsmoreqq@friendfeed.com,Female,8/24/1979
964,Juliann,Dwerryhouse,jdwerryhouseqr@earthlink.net,Female,8/23/1970
965,Krissie,Chuck,kchuckqs@netvibes.com,Female,7/25/2006
966,Alain,Jeannet,ajeannetqt@wikia.com,Male,12/6/2006
967,Margaretha,Favelle,mfavellequ@mapquest.com,Female,6/25/1970
968,Bethany,Frill,bfrillqv@ezinearticles.com,Female,3/9/1987
969,Jeanette,Titterington,jtitteringtonqw@vistaprint.com,Agender,8/8/1991
970,Kittie,Vonasek,kvonasekqx@elegantthemes.com,Female,2/18/1956
971,Rawley,Casoni,rcasoniqy@blogs.com,Male,3/17/2011
972,Bess,Bittleson,bbittlesonqz@cbsnews.com,Genderfluid,6/14/1973
973,Rowney,Ferrettino,rferrettinor0@google.ru,Male,10/18/1990
974,Burr,De Lisle,bdelisler1@netvibes.com,Male,4/6/1993
975,Basia,Crowcum,bcrowcumr2@myspace.com,Female,11/3/1970
976,Rudolf,Bazek,rbazekr3@ow.ly,Male,9/8/2018
977,Boyd,McGuff,bmcguffr4@jiathis.com,Male,3/1/2006
978,Bertie,Scurfield,bscurfieldr5@linkedin.com,Male,4/25/1989
979,Herculie,Glason,hglasonr6@creativecommons.org,Non-binary,3/14/2016
980,Thibaut,Dobsons,tdobsonsr7@engadget.com,Male,5/4/2017
981,Dacey,Ferroli,dferrolir8@github.com,Genderfluid,1/3/1975
982,Celka,Mum,cmumr9@1und1.de,Female,3/28/2010
983,Julie,Narracott,jnarracottra@soundcloud.com,Male,6/15/1999
984,Ortensia,Jevon,ojevonrb@theguardian.com,Female,1/25/2007
985,Terrill,Sigg,tsiggrc@amazon.co.uk,Male,11/17/1993
986,Sammy,Giacobilio,sgiacobiliord@house.gov,Female,10/14/1981
987,Remus,Quincey,rquinceyre@craigslist.org,Male,3/9/1988
988,Jamie,Minister,jministerrf@moonfruit.com,Male,8/13/1994
989,Carmen,Behneke,cbehnekerg@imdb.com,Female,1/23/1998
990,Catarina,Kleinplatz,ckleinplatzrh@yale.edu,Female,4/7/1959
991,Lonny,Leyrroyd,lleyrroydri@usda.gov,Bigender,3/21/1955
992,Winfred,Parades,wparadesrj@smh.com.au,Male,6/19/2018
993,Fernando,Yurocjkin,fyurocjkinrk@odnoklassniki.ru,Male,11/24/2005
994,Tedda,Petre,tpetrerl@europa.eu,Female,9/28/2002
995,Godfrey,Caulliere,gcaulliererm@livejournal.com,Male,8/5/1987
996,Andy,Dyne,adynern@nasa.gov,Male,3/24/1979
997,Papageno,Ettels,pettelsro@twitter.com,Male,3/26/1973
998,Niccolo,Suston,nsustonrp@symantec.com,Male,7/24/1976
999,Rowland,McDermid,rmcdermidrq@nature.com,Male,8/28/2015
1000,Gus,Daintier,gdaintierrr@who.int,Female,9/3/1965
